,R,sigma,distortion,D
0,1,1,0.3633802276324188,0.25
0,1,2,1.453520910529674,1.0
0,2,1,0.11748184782933006,0.0625
0,2,2,0.46992739131767114,0.25
0,3,1,0.03454812258477004,0.015625
0,3,2,0.1382185550195506,0.0625
0,4,1,0.009508821591832854,0.00390625
0,4,2,0.03820862900918855,0.015625
0,5,1,0.0033017297553021067,0.0009765625
0,5,2,0.012925836120937615,0.00390625
0,6,1,0.0017857725992317134,0.000244140625
0,6,2,0.006823749606282913,0.0009765625
